{"loss": [1.4184187650680542, 0.5279299020767212, 0.38874104619026184, 0.33802396059036255, 0.30490362644195557, 0.303316593170166, 0.28216806054115295, 0.28099682927131653, 0.26738715171813965, 0.2949458658695221], "accuracy": [0.5835104584693909, 0.8321523666381836, 0.874756395816803, 0.8907588124275208, 0.9018600583076477, 0.9025243520736694, 0.9103484153747559, 0.9118984341621399, 0.9145703911781311, 0.9090493321418762], "val_loss": [0.5375992655754089, 0.3204881548881531, 0.3878310024738312, 0.3225938677787781, 0.26069486141204834, 0.22881105542182922, 0.22587566077709198, 0.24342015385627747, 0.3600534200668335, 0.24031858146190643], "val_accuracy": [0.8276187777519226, 0.894954264163971, 0.8711714148521423, 0.8996754288673401, 0.9152552485466003, 0.9280613660812378, 0.9275302290916443, 0.9231041669845581, 0.8900560736656189, 0.9240483641624451]}